{
    "retval": 0.30224350838491426,
    "cameraMatrix1": [
        [
            534.1321116406319,
            0.0,
            342.84407100707585
        ],
        [
            0.0,
            534.1866819954435,
            233.7184061315484
        ],
        [
            0.0,
            0.0,
            1.0
        ]
    ],
    "distCoeffs1": [
        [
            -0.27587840857402807,
            0.004828322765504197,
            0.0012515367509802716,
            1.508018269510787e-05,
            0.1801854807174259
        ]
    ],
    "cameraMatrix2": [
        [
            541.0121805548683,
            0.0,
            329.09820505077494
        ],
        [
            0.0,
            540.3205074260304,
            246.12950990821622
        ],
        [
            0.0,
            0.0,
            1.0
        ]
    ],
    "distCoeffs2": [
        [
            -0.2937817680286134,
            0.14579893205482505,
            -0.0006669490764914071,
            0.0006705429690780167,
            -0.07008830903875243
        ]
    ],
    "R": [
        [
            0.999987457562001,
            0.004239449879850975,
            0.0026667927181419607
        ],
        [
            -0.00423306103967568,
            0.9999881681984384,
            -0.00239680148657803
        ],
        [
            -0.0026769222849539888,
            0.0023854827284879596,
            0.9999935717589551
        ]
    ],
    "T": [
        [
            -0.13359695974556068
        ],
        [
            0.0017725190451536718
        ],
        [
            0.002386288096778668
        ]
    ],
    "E": [
        [
            5.356407439438377e-06,
            -0.0023820315491233078,
            0.0017782271098317553
        ],
        [
            0.0020286294881631736,
            0.0003288097888367143,
            0.13360246468782044
        ],
        [
            -0.001206972728125393,
            -0.13360289355849675,
            0.00031547845083808134
        ]
    ],
    "F": [
        [
            -7.821933410669992e-09,
            3.478112707198683e-06,
            -0.002197217139740917
        ],
        [
            -2.966189108592001e-06,
            -4.807247386466044e-07,
            -0.10321273021715661
        ],
        [
            0.0016861942363895603,
            0.10451415601591138,
            1.0
        ]
    ]
}